year,month,stateid,price,price-units
12,2023,HI,0.0,cents per kilowatt-hour
12,2023,ID,11.53,cents per kilowatt-hour
12,2023,ID,0.0,cents per kilowatt-hour
12,2023,IL,14.84,cents per kilowatt-hour
12,2023,IL,7.29,cents per kilowatt-hour
12,2023,IN,14.58,cents per kilowatt-hour
12,2023,IN,11.56,cents per kilowatt-hour
12,2023,IA,11.95,cents per kilowatt-hour
12,2023,IA,0.0,cents per kilowatt-hour
12,2023,KS,12.72,cents per kilowatt-hour
12,2023,KS,0.0,cents per kilowatt-hour
12,2023,KY,12.34,cents per kilowatt-hour
12,2023,KY,0.0,cents per kilowatt-hour
12,2023,LA,11.21,cents per kilowatt-hour
12,2023,LA,11.22,cents per kilowatt-hour
12,2023,ME,27.99,cents per kilowatt-hour
12,2023,ME,0.0,cents per kilowatt-hour
12,2023,MD,17.46,cents per kilowatt-hour
10,2023,WY,12.49,cents per kilowatt-hour
10,2023,WY,0.0,cents per kilowatt-hour
10,2023,NEW,28.05,cents per kilowatt-hour
10,2023,NEW,10.94,cents per kilowatt-hour
10,2023,MAT,19.67,cents per kilowatt-hour
10,2023,MAT,14.21,cents per kilowatt-hour
10,2023,ENC,16.51,cents per kilowatt-hour
10,2023,ENC,7.35,cents per kilowatt-hour
10,2023,WNC,13.22,cents per kilowatt-hour
10,2023,WNC,12.44,cents per kilowatt-hour
10,2023,SAT,15.0,cents per kilowatt-hour
10,2023,SAT,10.25,cents per kilowatt-hour
10,2023,ESC,13.48,cents per kilowatt-hour
10,2023,ESC,0.0,cents per kilowatt-hour
10,2023,WSC,14.18,cents per kilowatt-hour
10,2023,WSC,7.34,cents per kilowatt-hour
09,2023,LA,11.42,cents per kilowatt-hour
09,2023,LA,10.52,cents per kilowatt-hour
09,2023,ME,26.79,cents per kilowatt-hour
09,2023,ME,0.0,cents per kilowatt-hour
09,2023,MD,16.95,cents per kilowatt-hour
09,2023,MD,11.44,cents per kilowatt-hour
09,2023,MA,28.18,cents per kilowatt-hour
09,2023,MA,6.79,cents per kilowatt-hour
09,2023,MI,19.49,cents per kilowatt-hour
09,2023,MI,13.71,cents per kilowatt-hour
09,2023,MN,15.44,cents per kilowatt-hour
09,2023,MN,12.53,cents per kilowatt-hour
01,2023,NJ,16.89,cents per kilowatt-hour
01,2023,NJ,14.36,cents per kilowatt-hour
11,2023,MAT,14.82,cents per kilowatt-hour
11,2023,ENC,16.18,cents per kilowatt-hour
11,2023,ENC,5.94,cents per kilowatt-hour
11,2023,WNC,12.67,cents per kilowatt-hour
11,2023,WNC,10.47,cents per kilowatt-hour
11,2023,SAT,14.54,cents per kilowatt-hour
11,2023,SAT,10.21,cents per kilowatt-hour
11,2023,ESC,13.53,cents per kilowatt-hour
11,2023,ESC,0.0,cents per kilowatt-hour
01,2023,NM,13.27,cents per kilowatt-hour
01,2023,NM,0.0,cents per kilowatt-hour
01,2023,NY,23.62,cents per kilowatt-hour
01,2023,NY,14.75,cents per kilowatt-hour
01,2023,NC,12.37,cents per kilowatt-hour
01,2023,NC,7.69,cents per kilowatt-hour
11,2023,WSC,13.86,cents per kilowatt-hour
11,2023,WSC,7.77,cents per kilowatt-hour
11,2023,MTN,13.85,cents per kilowatt-hour
11,2023,MTN,12.57,cents per kilowatt-hour
11,2023,PACC,21.57,cents per kilowatt-hour
11,2023,PACC,13.17,cents per kilowatt-hour
11,2023,PACN,35.06,cents per kilowatt-hour
11,2023,PACN,0.0,cents per kilowatt-hour
11,2023,US,16.19,cents per kilowatt-hour
11,2023,US,12.6,cents per kilowatt-hour
05,2023,AZ,14.3,cents per kilowatt-hour
05,2023,AZ,10.45,cents per kilowatt-hour
05,2023,AR,12.32,cents per kilowatt-hour
05,2023,AR,15.12,cents per kilowatt-hour
05,2023,CA,29.82,cents per kilowatt-hour
05,2023,CA,13.12,cents per kilowatt-hour
05,2023,CO,14.34,cents per kilowatt-hour
05,2023,CO,11.3,cents per kilowatt-hour
06,2023,ME,27.56,cents per kilowatt-hour
06,2023,ME,0.0,cents per kilowatt-hour
06,2023,MD,17.0,cents per kilowatt-hour
06,2023,MD,11.16,cents per kilowatt-hour
06,2023,MA,27.52,cents per kilowatt-hour
06,2023,MA,7.28,cents per kilowatt-hour
06,2023,MI,19.38,cents per kilowatt-hour
06,2023,MI,13.85,cents per kilowatt-hour
06,2023,MN,15.68,cents per kilowatt-hour
06,2023,MN,13.9,cents per kilowatt-hour
05,2023,CT,31.36,cents per kilowatt-hour
05,2023,CT,16.12,cents per kilowatt-hour
05,2023,DE,16.62,cents per kilowatt-hour
05,2023,DE,0.0,cents per kilowatt-hour
05,2023,DC,17.09,cents per kilowatt-hour
05,2023,DC,10.39,cents per kilowatt-hour
05,2023,FL,15.09,cents per kilowatt-hour
05,2023,FL,11.49,cents per kilowatt-hour
06,2023,MS,13.27,cents per kilowatt-hour
06,2023,MS,0.0,cents per kilowatt-hour
06,2023,MO,14.1,cents per kilowatt-hour
06,2023,MO,9.7,cents per kilowatt-hour
06,2023,MT,13.16,cents per kilowatt-hour
06,2023,MT,0.0,cents per kilowatt-hour
10,2023,MTN,13.86,cents per kilowatt-hour
10,2023,MTN,12.92,cents per kilowatt-hour
01,2024,IN,14.0,cents per kilowatt-hour
01,2024,IN,11.86,cents per kilowatt-hour
01,2024,IA,11.85,cents per kilowatt-hour
01,2024,IA,0.0,cents per kilowatt-hour
01,2024,KS,13.04,cents per kilowatt-hour
01,2024,KS,0.0,cents per kilowatt-hour
01,2024,KY,12.51,cents per kilowatt-hour
01,2024,KY,0.0,cents per kilowatt-hour
01,2024,LA,10.82,cents per kilowatt-hour
10,2023,PACC,23.84,cents per kilowatt-hour
10,2023,PACC,14.42,cents per kilowatt-hour
10,2023,PACN,35.18,cents per kilowatt-hour
10,2023,PACN,0.0,cents per kilowatt-hour
12,2023,MD,11.7,cents per kilowatt-hour
12,2023,MA,28.94,cents per kilowatt-hour
12,2023,MA,6.94,cents per kilowatt-hour
12,2023,MI,18.7,cents per kilowatt-hour
12,2023,MI,13.68,cents per kilowatt-hour
12,2023,MN,14.09,cents per kilowatt-hour
12,2023,MN,10.52,cents per kilowatt-hour
12,2023,MS,13.06,cents per kilowatt-hour
12,2023,MS,0.0,cents per kilowatt-hour
12,2023,MO,11.33,cents per kilowatt-hour
12,2023,MO,8.63,cents per kilowatt-hour
11,2023,NH,25.58,cents per kilowatt-hour
11,2023,NH,0.0,cents per kilowatt-hour
11,2023,NJ,17.47,cents per kilowatt-hour
11,2023,NJ,11.59,cents per kilowatt-hour
01,2024,LA,10.48,cents per kilowatt-hour
08,2023,SD,13.07,cents per kilowatt-hour
08,2023,SD,0.0,cents per kilowatt-hour
08,2023,TN,11.93,cents per kilowatt-hour
08,2023,TN,0.0,cents per kilowatt-hour
08,2023,TX,14.17,cents per kilowatt-hour
08,2023,TX,6.75,cents per kilowatt-hour
08,2023,UT,11.67,cents per kilowatt-hour
08,2023,UT,12.32,cents per kilowatt-hour
08,2023,VT,20.47,cents per kilowatt-hour
08,2023,VT,0.0,cents per kilowatt-hour
08,2023,VA,13.85,cents per kilowatt-hour
08,2023,VA,10.36,cents per kilowatt-hour
08,2023,WA,11.14,cents per kilowatt-hour
08,2023,WA,10.19,cents per kilowatt-hour
08,2023,WV,14.2,cents per kilowatt-hour
08,2023,WV,0.0,cents per kilowatt-hour
08,2023,WI,17.19,cents per kilowatt-hour
08,2023,WI,18.57,cents per kilowatt-hour
08,2023,WY,12.45,cents per kilowatt-hour
08,2023,WY,0.0,cents per kilowatt-hour
02,2023,WSC,13.89,cents per kilowatt-hour
02,2023,WSC,7.35,cents per kilowatt-hour
02,2023,MTN,13.0,cents per kilowatt-hour
02,2023,MTN,12.94,cents per kilowatt-hour
02,2023,PACC,19.38,cents per kilowatt-hour
02,2023,PACC,11.8,cents per kilowatt-hour
02,2023,PACN,34.05,cents per kilowatt-hour
02,2023,PACN,0.0,cents per kilowatt-hour
02,2023,US,15.98,cents per kilowatt-hour
02,2023,US,13.14,cents per kilowatt-hour
04,2023,AL,14.54,cents per kilowatt-hour
04,2023,AL,0.0,cents per kilowatt-hour
04,2023,AK,23.44,cents per kilowatt-hour
04,2023,AK,0.0,cents per kilowatt-hour
04,2023,AZ,14.12,cents per kilowatt-hour
04,2023,AZ,9.28,cents per kilowatt-hour
08,2023,ME,25.37,cents per kilowatt-hour
08,2023,ME,0.0,cents per kilowatt-hour
08,2023,MD,16.39,cents per kilowatt-hour
08,2023,MD,11.17,cents per kilowatt-hour
08,2023,MA,28.02,cents per kilowatt-hour
08,2023,MA,6.75,cents per kilowatt-hour
08,2023,MI,19.57,cents per kilowatt-hour
01,2023,ND,9.95,cents per kilowatt-hour
01,2023,ND,0.0,cents per kilowatt-hour
01,2023,OH,14.3,cents per kilowatt-hour
01,2023,OH,5.51,cents per kilowatt-hour
04,2023,RI,23.54,cents per kilowatt-hour
04,2023,RI,16.69,cents per kilowatt-hour
04,2023,SC,13.9,cents per kilowatt-hour
04,2023,SC,0.0,cents per kilowatt-hour
04,2023,SD,11.92,cents per kilowatt-hour
04,2023,SD,0.0,cents per kilowatt-hour
04,2023,TN,11.86,cents per kilowatt-hour
04,2023,TN,0.0,cents per kilowatt-hour
04,2023,TX,14.36,cents per kilowatt-hour
04,2023,TX,7.14,cents per kilowatt-hour
04,2023,UT,10.84,cents per kilowatt-hour
04,2023,UT,12.2,cents per kilowatt-hour
04,2023,VT,20.75,cents per kilowatt-hour
10,2023,OK,13.04,cents per kilowatt-hour
10,2023,OK,0.0,cents per kilowatt-hour
10,2023,OR,13.29,cents per kilowatt-hour
10,2023,OR,11.66,cents per kilowatt-hour
10,2023,PA,18.44,cents per kilowatt-hour
10,2023,PA,10.83,cents per kilowatt-hour
10,2023,RI,30.08,cents per kilowatt-hour
10,2023,RI,17.42,cents per kilowatt-hour
10,2023,SC,14.0,cents per kilowatt-hour
10,2023,SC,0.0,cents per kilowatt-hour
10,2023,SD,13.05,cents per kilowatt-hour
10,2023,SD,0.0,cents per kilowatt-hour
03,2023,PACC,21.13,cents per kilowatt-hour
03,2023,PACC,11.63,cents per kilowatt-hour
03,2023,PACN,34.25,cents per kilowatt-hour
03,2023,PACN,0.0,cents per kilowatt-hour
03,2023,US,16.04,cents per kilowatt-hour
03,2023,US,12.28,cents per kilowatt-hour
12,2023,AL,14.16,cents per kilowatt-hour
12,2023,AL,0.0,cents per kilowatt-hour
12,2023,AK,24.22,cents per kilowatt-hour
12,2023,AK,0.0,cents per kilowatt-hour
05,2023,GA,13.96,cents per kilowatt-hour
05,2023,GA,5.94,cents per kilowatt-hour
05,2023,HI,42.26,cents per kilowatt-hour
05,2023,HI,0.0,cents per kilowatt-hour
10,2023,TN,12.49,cents per kilowatt-hour
10,2023,TN,0.0,cents per kilowatt-hour
10,2023,TX,14.89,cents per kilowatt-hour
10,2023,TX,7.17,cents per kilowatt-hour
10,2023,UT,11.23,cents per kilowatt-hour
10,2023,UT,12.32,cents per kilowatt-hour
10,2023,VT,22.11,cents per kilowatt-hour
10,2023,VT,0.0,cents per kilowatt-hour
10,2023,VA,14.16,cents per kilowatt-hour
05,2023,ID,10.72,cents per kilowatt-hour
05,2023,ID,0.0,cents per kilowatt-hour
05,2023,IL,17.86,cents per kilowatt-hour
05,2023,IL,7.25,cents per kilowatt-hour
05,2023,IN,15.12,cents per kilowatt-hour
05,2023,IN,0.0,cents per kilowatt-hour
05,2023,IA,14.29,cents per kilowatt-hour
05,2023,IA,0.0,cents per kilowatt-hour
05,2023,KS,13.86,cents per kilowatt-hour
05,2023,KS,0.0,cents per kilowatt-hour
05,2023,KY,12.69,cents per kilowatt-hour
05,2023,KY,0.0,cents per kilowatt-hour
05,2023,LA,11.72,cents per kilowatt-hour
05,2023,LA,11.47,cents per kilowatt-hour
05,2023,ME,29.19,cents per kilowatt-hour
05,2023,ME,0.0,cents per kilowatt-hour
05,2023,MD,16.08,cents per kilowatt-hour
05,2023,MD,11.33,cents per kilowatt-hour
05,2023,MA,29.39,cents per kilowatt-hour
05,2023,MA,7.51,cents per kilowatt-hour
05,2023,MI,18.7,cents per kilowatt-hour
05,2023,MI,14.07,cents per kilowatt-hour
08,2023,MI,14.12,cents per kilowatt-hour
08,2023,MN,15.61,cents per kilowatt-hour
06,2023,AL,14.67,cents per kilowatt-hour
06,2023,AL,0.0,cents per kilowatt-hour
06,2023,AK,24.79,cents per kilowatt-hour
06,2023,AK,0.0,cents per kilowatt-hour
06,2023,AZ,14.28,cents per kilowatt-hour
06,2023,AZ,11.46,cents per kilowatt-hour
06,2023,AR,12.46,cents per kilowatt-hour
06,2023,AR,16.8,cents per kilowatt-hour
06,2023,CA,31.24,cents per kilowatt-hour
06,2023,CA,11.85,cents per kilowatt-hour
06,2023,CO,14.63,cents per kilowatt-hour
06,2023,CO,14.98,cents per kilowatt-hour
06,2023,CT,31.85,cents per kilowatt-hour
06,2023,CT,16.63,cents per kilowatt-hour
08,2023,MN,13.4,cents per kilowatt-hour
08,2023,MS,12.7,cents per kilowatt-hour
08,2023,MS,0.0,cents per kilowatt-hour
08,2023,MO,14.25,cents per kilowatt-hour
08,2023,MO,12.18,cents per kilowatt-hour
08,2023,MT,12.93,cents per kilowatt-hour
08,2023,MT,0.0,cents per kilowatt-hour
08,2023,NE,12.19,cents per kilowatt-hour
08,2023,NE,0.0,cents per kilowatt-hour
08,2023,NV,16.48,cents per kilowatt-hour
08,2023,NV,12.87,cents per kilowatt-hour
08,2023,NH,26.13,cents per kilowatt-hour
08,2023,NH,0.0,cents per kilowatt-hour
08,2023,NJ,18.51,cents per kilowatt-hour
08,2023,NJ,12.18,cents per kilowatt-hour
08,2023,NM,14.41,cents per kilowatt-hour
08,2023,NM,0.0,cents per kilowatt-hour
08,2023,NY,22.26,cents per kilowatt-hour
08,2023,NY,16.34,cents per kilowatt-hour
08,2023,NC,12.7,cents per kilowatt-hour
08,2023,NC,9.43,cents per kilowatt-hour
06,2023,DE,15.99,cents per kilowatt-hour
06,2023,DE,0.0,cents per kilowatt-hour
06,2023,DC,16.55,cents per kilowatt-hour
06,2023,DC,9.04,cents per kilowatt-hour
06,2023,FL,15.23,cents per kilowatt-hour
06,2023,FL,11.27,cents per kilowatt-hour
06,2023,GA,14.59,cents per kilowatt-hour
06,2023,GA,7.57,cents per kilowatt-hour
06,2023,HI,41.74,cents per kilowatt-hour
06,2023,HI,0.0,cents per kilowatt-hour
06,2023,ID,11.71,cents per kilowatt-hour
06,2023,ID,0.0,cents per kilowatt-hour
06,2023,IL,15.08,cents per kilowatt-hour
06,2023,IL,7.14,cents per kilowatt-hour
06,2023,IN,14.67,cents per kilowatt-hour
06,2023,IN,11.56,cents per kilowatt-hour
06,2023,IA,15.11,cents per kilowatt-hour
06,2023,IA,0.0,cents per kilowatt-hour
06,2023,KS,13.33,cents per kilowatt-hour
06,2023,KS,0.0,cents per kilowatt-hour
06,2023,KY,12.65,cents per kilowatt-hour
06,2023,KY,0.0,cents per kilowatt-hour
08,2023,ND,12.55,cents per kilowatt-hour
08,2023,ND,0.0,cents per kilowatt-hour
08,2023,OH,15.63,cents per kilowatt-hour
08,2023,OH,6.34,cents per kilowatt-hour
08,2023,OK,13.1,cents per kilowatt-hour
08,2023,OK,0.0,cents per kilowatt-hour
08,2023,OR,13.02,cents per kilowatt-hour
08,2023,OR,11.4,cents per kilowatt-hour
08,2023,PA,17.89,cents per kilowatt-hour
08,2023,PA,11.02,cents per kilowatt-hour
08,2023,RI,25.54,cents per kilowatt-hour
08,2023,RI,16.75,cents per kilowatt-hour
08,2023,SC,13.41,cents per kilowatt-hour
08,2023,SC,0.0,cents per kilowatt-hour
10,2023,VA,9.98,cents per kilowatt-hour
10,2023,WA,11.33,cents per kilowatt-hour
10,2023,WA,10.12,cents per kilowatt-hour
10,2023,WV,15.05,cents per kilowatt-hour
10,2023,WV,0.0,cents per kilowatt-hour
10,2023,WI,17.14,cents per kilowatt-hour
10,2023,WI,21.34,cents per kilowatt-hour
06,2023,LA,11.25,cents per kilowatt-hour
06,2023,LA,11.28,cents per kilowatt-hour
12,2023,AZ,14.42,cents per kilowatt-hour
12,2023,AZ,9.63,cents per kilowatt-hour
12,2023,AR,11.54,cents per kilowatt-hour
12,2023,AR,15.18,cents per kilowatt-hour
12,2023,CA,29.12,cents per kilowatt-hour
12,2023,CA,13.09,cents per kilowatt-hour
12,2023,CO,14.18,cents per kilowatt-hour
12,2023,CO,12.39,cents per kilowatt-hour
12,2023,CT,26.89,cents per kilowatt-hour
12,2023,CT,19.57,cents per kilowatt-hour
12,2023,DE,16.3,cents per kilowatt-hour
12,2023,DE,0.0,cents per kilowatt-hour
12,2023,DC,17.82,cents per kilowatt-hour
12,2023,DC,10.57,cents per kilowatt-hour
12,2023,FL,15.2,cents per kilowatt-hour
12,2023,FL,11.31,cents per kilowatt-hour
12,2023,GA,12.72,cents per kilowatt-hour
12,2023,GA,6.2,cents per kilowatt-hour
12,2023,HI,41.6,cents per kilowatt-hour
03,2023,TX,7.28,cents per kilowatt-hour
03,2023,UT,10.86,cents per kilowatt-hour
03,2023,UT,12.21,cents per kilowatt-hour
03,2023,VT,20.38,cents per kilowatt-hour
03,2023,VT,0.0,cents per kilowatt-hour
03,2023,VA,14.67,cents per kilowatt-hour
03,2023,VA,11.06,cents per kilowatt-hour
03,2023,WA,10.79,cents per kilowatt-hour
03,2023,WA,10.65,cents per kilowatt-hour
03,2023,WV,14.23,cents per kilowatt-hour
03,2023,WV,0.0,cents per kilowatt-hour
03,2023,WI,16.47,cents per kilowatt-hour
03,2023,WI,16.2,cents per kilowatt-hour
03,2023,WY,10.68,cents per kilowatt-hour
03,2023,WY,0.0,cents per kilowatt-hour
03,2023,NEW,31.25,cents per kilowatt-hour
03,2023,NEW,14.92,cents per kilowatt-hour
03,2023,MAT,19.09,cents per kilowatt-hour
03,2023,MAT,13.57,cents per kilowatt-hour
03,2023,ENC,16.45,cents per kilowatt-hour
03,2023,ENC,7.33,cents per kilowatt-hour
10,2023,NE,11.67,cents per kilowatt-hour
10,2023,NE,0.0,cents per kilowatt-hour
10,2023,NV,14.63,cents per kilowatt-hour
10,2023,NV,12.48,cents per kilowatt-hour
10,2023,NH,25.49,cents per kilowatt-hour
10,2023,NH,0.0,cents per kilowatt-hour
10,2023,NJ,17.46,cents per kilowatt-hour
10,2023,NJ,11.2,cents per kilowatt-hour
10,2023,NM,14.12,cents per kilowatt-hour
10,2023,NM,0.0,cents per kilowatt-hour
10,2023,NY,21.99,cents per kilowatt-hour
10,2023,NY,15.26,cents per kilowatt-hour
10,2023,NC,14.4,cents per kilowatt-hour
10,2023,NC,10.14,cents per kilowatt-hour
10,2023,ND,11.71,cents per kilowatt-hour
10,2023,ND,0.0,cents per kilowatt-hour
05,2023,AL,14.55,cents per kilowatt-hour
05,2023,AL,0.0,cents per kilowatt-hour
05,2023,AK,24.91,cents per kilowatt-hour
05,2023,AK,0.0,cents per kilowatt-hour
02,2023,DC,15.7,cents per kilowatt-hour
02,2023,DC,10.47,cents per kilowatt-hour
02,2023,FL,15.82,cents per kilowatt-hour
02,2023,FL,10.35,cents per kilowatt-hour
02,2023,GA,13.53,cents per kilowatt-hour
05,2023,SC,13.98,cents per kilowatt-hour
05,2023,SC,0.0,cents per kilowatt-hour
05,2023,SD,13.18,cents per kilowatt-hour
05,2023,SD,0.0,cents per kilowatt-hour
03,2023,WNC,12.12,cents per kilowatt-hour
03,2023,WNC,10.31,cents per kilowatt-hour
03,2023,SAT,14.2,cents per kilowatt-hour
03,2023,SAT,10.11,cents per kilowatt-hour
03,2023,ESC,13.17,cents per kilowatt-hour
03,2023,ESC,0.0,cents per kilowatt-hour
03,2023,WSC,13.75,cents per kilowatt-hour
03,2023,WSC,7.51,cents per kilowatt-hour
07,2023,MD,16.02,cents per kilowatt-hour
07,2023,MD,11.1,cents per kilowatt-hour
07,2023,MA,27.43,cents per kilowatt-hour
07,2023,MA,6.62,cents per kilowatt-hour
07,2023,MI,19.43,cents per kilowatt-hour
07,2023,MI,14.05,cents per kilowatt-hour
07,2023,MN,15.6,cents per kilowatt-hour
07,2023,MN,13.49,cents per kilowatt-hour
07,2023,MS,12.82,cents per kilowatt-hour
07,2023,MS,0.0,cents per kilowatt-hour
10,2023,OH,15.89,cents per kilowatt-hour
10,2023,OH,6.72,cents per kilowatt-hour
11,2023,WV,14.42,cents per kilowatt-hour
11,2023,WV,0.0,cents per kilowatt-hour
11,2023,WI,16.85,cents per kilowatt-hour
11,2023,WI,15.74,cents per kilowatt-hour
11,2023,WY,11.59,cents per kilowatt-hour
11,2023,WY,0.0,cents per kilowatt-hour
11,2023,NEW,27.47,cents per kilowatt-hour
11,2023,NEW,10.68,cents per kilowatt-hour
11,2023,MAT,19.76,cents per kilowatt-hour
02,2023,GA,5.92,cents per kilowatt-hour
02,2023,HI,44.24,cents per kilowatt-hour
02,2023,HI,0.0,cents per kilowatt-hour
02,2023,ID,10.19,cents per kilowatt-hour
02,2023,ID,0.0,cents per kilowatt-hour
08,2023,WNC,14.21,cents per kilowatt-hour
08,2023,WNC,12.64,cents per kilowatt-hour
08,2023,SAT,14.28,cents per kilowatt-hour
08,2023,SAT,10.53,cents per kilowatt-hour
08,2023,ESC,12.79,cents per kilowatt-hour
08,2023,ESC,0.0,cents per kilowatt-hour
08,2023,WSC,13.56,cents per kilowatt-hour
08,2023,WSC,7.01,cents per kilowatt-hour
08,2023,MTN,13.92,cents per kilowatt-hour
08,2023,MTN,13.11,cents per kilowatt-hour
08,2023,PACC,24.22,cents per kilowatt-hour
08,2023,PACC,13.51,cents per kilowatt-hour
08,2023,PACN,34.22,cents per kilowatt-hour
08,2023,PACN,0.0,cents per kilowatt-hour
08,2023,US,15.91,cents per kilowatt-hour
10,2023,AR,12.73,cents per kilowatt-hour
10,2023,AR,13.2,cents per kilowatt-hour
10,2023,CA,31.78,cents per kilowatt-hour
10,2023,CA,14.92,cents per kilowatt-hour
09,2023,RI,17.44,cents per kilowatt-hour
09,2023,SC,14.04,cents per kilowatt-hour
09,2023,SC,0.0,cents per kilowatt-hour
09,2023,SD,13.24,cents per kilowatt-hour
09,2023,SD,0.0,cents per kilowatt-hour
09,2023,TN,11.78,cents per kilowatt-hour
09,2023,TN,0.0,cents per kilowatt-hour
09,2023,TX,14.68,cents per kilowatt-hour
09,2023,TX,7.49,cents per kilowatt-hour
09,2023,UT,11.85,cents per kilowatt-hour
09,2023,UT,12.33,cents per kilowatt-hour
09,2023,VT,21.21,cents per kilowatt-hour
09,2023,VT,0.0,cents per kilowatt-hour
09,2023,VA,14.69,cents per kilowatt-hour
09,2023,VA,9.02,cents per kilowatt-hour
09,2023,WA,11.38,cents per kilowatt-hour
01,2023,TN,12.04,cents per kilowatt-hour
01,2023,TN,0.0,cents per kilowatt-hour
01,2023,TX,14.36,cents per kilowatt-hour
01,2023,TX,7.09,cents per kilowatt-hour
01,2023,UT,10.65,cents per kilowatt-hour
01,2023,UT,12.41,cents per kilowatt-hour
01,2023,VT,19.96,cents per kilowatt-hour
01,2023,VT,0.0,cents per kilowatt-hour
01,2023,VA,13.96,cents per kilowatt-hour
01,2023,VA,12.21,cents per kilowatt-hour
01,2023,WA,10.49,cents per kilowatt-hour
01,2023,WA,10.06,cents per kilowatt-hour
08,2023,NEW,27.11,cents per kilowatt-hour
08,2023,NEW,13.43,cents per kilowatt-hour
08,2023,MAT,19.74,cents per kilowatt-hour
08,2023,MAT,15.18,cents per kilowatt-hour
08,2023,ENC,15.72,cents per kilowatt-hour
08,2023,ENC,6.79,cents per kilowatt-hour
02,2023,UT,10.79,cents per kilowatt-hour
02,2023,UT,12.41,cents per kilowatt-hour
02,2023,VT,20.28,cents per kilowatt-hour
02,2023,VT,0.0,cents per kilowatt-hour
02,2023,VA,14.32,cents per kilowatt-hour
02,2023,VA,11.32,cents per kilowatt-hour
08,2023,US,13.26,cents per kilowatt-hour
09,2023,AL,14.89,cents per kilowatt-hour
09,2023,AL,0.0,cents per kilowatt-hour
03,2023,DC,16.06,cents per kilowatt-hour
03,2023,DC,10.76,cents per kilowatt-hour
03,2023,FL,14.65,cents per kilowatt-hour
03,2023,FL,11.66,cents per kilowatt-hour
03,2023,GA,13.49,cents per kilowatt-hour
03,2023,GA,6.29,cents per kilowatt-hour
03,2023,HI,44.06,cents per kilowatt-hour
03,2023,HI,0.0,cents per kilowatt-hour
03,2023,ID,10.03,cents per kilowatt-hour
03,2023,ID,0.0,cents per kilowatt-hour
03,2023,IL,17.38,cents per kilowatt-hour
03,2023,IL,6.87,cents per kilowatt-hour
03,2023,IN,16.02,cents per kilowatt-hour
03,2023,IN,13.1,cents per kilowatt-hour
03,2023,IA,11.99,cents per kilowatt-hour
03,2023,IA,0.0,cents per kilowatt-hour
03,2023,KS,13.72,cents per kilowatt-hour
03,2023,KS,0.0,cents per kilowatt-hour
03,2023,KY,12.28,cents per kilowatt-hour
09,2023,WA,10.02,cents per kilowatt-hour
04,2023,AR,12.36,cents per kilowatt-hour
04,2023,AR,15.83,cents per kilowatt-hour
04,2023,CA,29.7,cents per kilowatt-hour
04,2023,CA,11.51,cents per kilowatt-hour
04,2023,CO,13.53,cents per kilowatt-hour
04,2023,CO,12.4,cents per kilowatt-hour
04,2023,CT,34.48,cents per kilowatt-hour
04,2023,CT,17.33,cents per kilowatt-hour
04,2023,DE,15.47,cents per kilowatt-hour
04,2023,DE,0.0,cents per kilowatt-hour
04,2023,DC,15.3,cents per kilowatt-hour
04,2023,DC,9.86,cents per kilowatt-hour
04,2023,FL,15.72,cents per kilowatt-hour
04,2023,FL,12.24,cents per kilowatt-hour
04,2023,GA,13.25,cents per kilowatt-hour
04,2023,GA,5.82,cents per kilowatt-hour
04,2023,HI,43.18,cents per kilowatt-hour
04,2023,HI,0.0,cents per kilowatt-hour
04,2023,ID,10.18,cents per kilowatt-hour
03,2023,KY,0.0,cents per kilowatt-hour
03,2023,LA,11.87,cents per kilowatt-hour
03,2023,LA,11.09,cents per kilowatt-hour
03,2023,ME,29.37,cents per kilowatt-hour
03,2023,ME,0.0,cents per kilowatt-hour
03,2023,MD,15.85,cents per kilowatt-hour
03,2023,MD,10.36,cents per kilowatt-hour
03,2023,MA,32.72,cents per kilowatt-hour
03,2023,MA,7.27,cents per kilowatt-hour
03,2023,MI,18.23,cents per kilowatt-hour
03,2023,MI,13.64,cents per kilowatt-hour
03,2023,MN,13.94,cents per kilowatt-hour
03,2023,MN,12.48,cents per kilowatt-hour
03,2023,MS,13.8,cents per kilowatt-hour
03,2023,MS,0.0,cents per kilowatt-hour
03,2023,MO,11.46,cents per kilowatt-hour
03,2023,MO,8.22,cents per kilowatt-hour
03,2023,MT,12.13,cents per kilowatt-hour
03,2023,MT,0.0,cents per kilowatt-hour
05,2023,NY,20.47,cents per kilowatt-hour
05,2023,NY,15.18,cents per kilowatt-hour
06,2023,NE,11.98,cents per kilowatt-hour
06,2023,NE,0.0,cents per kilowatt-hour
06,2023,NV,17.38,cents per kilowatt-hour
06,2023,NV,13.16,cents per kilowatt-hour
06,2023,NH,29.53,cents per kilowatt-hour
06,2023,NH,0.0,cents per kilowatt-hour
06,2023,NJ,18.19,cents per kilowatt-hour
06,2023,NJ,12.33,cents per kilowatt-hour
06,2023,NM,13.58,cents per kilowatt-hour
06,2023,NM,0.0,cents per kilowatt-hour
06,2023,NY,21.63,cents per kilowatt-hour
06,2023,NY,15.71,cents per kilowatt-hour
06,2023,NC,12.57,cents per kilowatt-hour
06,2023,NC,9.07,cents per kilowatt-hour
06,2023,ND,12.35,cents per kilowatt-hour
06,2023,ND,0.0,cents per kilowatt-hour
06,2023,OH,16.29,cents per kilowatt-hour
06,2023,OH,5.86,cents per kilowatt-hour
03,2023,AL,14.67,cents per kilowatt-hour
03,2023,AL,0.0,cents per kilowatt-hour
04,2023,ID,0.0,cents per kilowatt-hour
04,2023,IL,17.82,cents per kilowatt-hour
04,2023,IL,5.98,cents per kilowatt-hour
04,2023,IN,15.08,cents per kilowatt-hour
04,2023,IN,13.63,cents per kilowatt-hour
04,2023,IA,12.62,cents per kilowatt-hour
04,2023,IA,0.0,cents per kilowatt-hour
04,2023,KS,13.59,cents per kilowatt-hour
04,2023,KS,0.0,cents per kilowatt-hour
10,2023,CO,14.5,cents per kilowatt-hour
10,2023,CO,13.64,cents per kilowatt-hour
10,2023,CT,29.01,cents per kilowatt-hour
10,2023,CT,16.09,cents per kilowatt-hour
10,2023,DE,17.43,cents per kilowatt-hour
10,2023,DE,0.0,cents per kilowatt-hour
11,2023,KY,13.29,cents per kilowatt-hour
11,2023,KY,0.0,cents per kilowatt-hour
11,2023,LA,11.45,cents per kilowatt-hour
11,2023,LA,11.23,cents per kilowatt-hour
11,2023,ME,28.46,cents per kilowatt-hour
11,2023,ME,0.0,cents per kilowatt-hour
05,2023,NC,12.9,cents per kilowatt-hour
05,2023,NC,8.16,cents per kilowatt-hour
05,2023,ND,11.75,cents per kilowatt-hour
05,2023,ND,0.0,cents per kilowatt-hour
05,2023,OH,15.63,cents per kilowatt-hour
05,2023,OH,5.86,cents per kilowatt-hour
05,2023,OK,11.63,cents per kilowatt-hour
05,2023,OK,0.0,cents per kilowatt-hour
05,2023,OR,13.01,cents per kilowatt-hour
05,2023,OR,11.54,cents per kilowatt-hour
07,2023,NY,22.29,cents per kilowatt-hour
07,2023,NY,15.83,cents per kilowatt-hour
07,2023,NC,12.39,cents per kilowatt-hour
07,2023,NC,9.28,cents per kilowatt-hour
07,2023,ND,12.63,cents per kilowatt-hour
07,2023,ND,0.0,cents per kilowatt-hour
07,2023,OH,15.73,cents per kilowatt-hour
07,2023,OH,6.02,cents per kilowatt-hour
07,2023,OK,12.27,cents per kilowatt-hour
07,2023,OK,0.0,cents per kilowatt-hour
07,2023,OR,13.17,cents per kilowatt-hour
07,2023,OR,11.31,cents per kilowatt-hour
01,2023,WY,10.24,cents per kilowatt-hour
01,2023,WY,0.0,cents per kilowatt-hour
01,2023,NEW,29.95,cents per kilowatt-hour
01,2023,NEW,14.42,cents per kilowatt-hour
01,2023,MAT,19.88,cents per kilowatt-hour
01,2023,MAT,14.23,cents per kilowatt-hour
01,2023,ENC,15.8,cents per kilowatt-hour
01,2023,ENC,7.49,cents per kilowatt-hour
01,2023,WNC,11.34,cents per kilowatt-hour
01,2023,WNC,8.9,cents per kilowatt-hour
01,2023,SAT,13.9,cents per kilowatt-hour
02,2023,OK,11.34,cents per kilowatt-hour
02,2023,OK,0.0,cents per kilowatt-hour
02,2023,OR,12.25,cents per kilowatt-hour
02,2023,OR,11.1,cents per kilowatt-hour
02,2023,PA,18.33,cents per kilowatt-hour
02,2023,PA,11.46,cents per kilowatt-hour
02,2023,RI,29.08,cents per kilowatt-hour
03,2023,AK,23.45,cents per kilowatt-hour
03,2023,AK,0.0,cents per kilowatt-hour
03,2023,AZ,13.62,cents per kilowatt-hour
03,2023,AZ,8.96,cents per kilowatt-hour
03,2023,AR,12.21,cents per kilowatt-hour
03,2023,AR,11.18,cents per kilowatt-hour
03,2023,CA,30.39,cents per kilowatt-hour
03,2023,CA,11.79,cents per kilowatt-hour
03,2023,CO,13.8,cents per kilowatt-hour
03,2023,CO,12.37,cents per kilowatt-hour
03,2023,CT,33.06,cents per kilowatt-hour
03,2023,CT,27.22,cents per kilowatt-hour
03,2023,DE,15.33,cents per kilowatt-hour
03,2023,DE,0.0,cents per kilowatt-hour
07,2023,PA,17.94,cents per kilowatt-hour
07,2023,PA,10.04,cents per kilowatt-hour
07,2023,RI,24.31,cents per kilowatt-hour
07,2023,RI,16.73,cents per kilowatt-hour
07,2023,SC,13.21,cents per kilowatt-hour
07,2023,SC,0.0,cents per kilowatt-hour
07,2023,SD,13.3,cents per kilowatt-hour
07,2023,SD,0.0,cents per kilowatt-hour
07,2023,TN,12.22,cents per kilowatt-hour
07,2023,TN,0.0,cents per kilowatt-hour
07,2023,TX,13.95,cents per kilowatt-hour
07,2023,TX,7.22,cents per kilowatt-hour
07,2023,UT,11.71,cents per kilowatt-hour
07,2023,UT,12.31,cents per kilowatt-hour
05,2023,TN,12.27,cents per kilowatt-hour
05,2023,TN,0.0,cents per kilowatt-hour
05,2023,TX,14.65,cents per kilowatt-hour
05,2023,TX,6.84,cents per kilowatt-hour
05,2023,UT,10.84,cents per kilowatt-hour
05,2023,UT,12.3,cents per kilowatt-hour
05,2023,VT,21.03,cents per kilowatt-hour
05,2023,VT,0.0,cents per kilowatt-hour
05,2023,VA,15.19,cents per kilowatt-hour
05,2023,VA,10.76,cents per kilowatt-hour
02,2023,KY,12.64,cents per kilowatt-hour
02,2023,KY,0.0,cents per kilowatt-hour
02,2023,LA,12.88,cents per kilowatt-hour
02,2023,LA,13.22,cents per kilowatt-hour
02,2023,ME,26.32,cents per kilowatt-hour
02,2023,ME,0.0,cents per kilowatt-hour
02,2023,MD,16.22,cents per kilowatt-hour
02,2023,MD,11.23,cents per kilowatt-hour
02,2023,MA,32.56,cents per kilowatt-hour
02,2023,MA,8.65,cents per kilowatt-hour
12,2023,OK,10.79,cents per kilowatt-hour
12,2023,OK,0.0,cents per kilowatt-hour
12,2023,OR,12.61,cents per kilowatt-hour
12,2023,OR,11.73,cents per kilowatt-hour
12,2023,PA,17.52,cents per kilowatt-hour
12,2023,PA,10.71,cents per kilowatt-hour
12,2023,RI,30.86,cents per kilowatt-hour
12,2023,RI,20.94,cents per kilowatt-hour
05,2023,MN,15.32,cents per kilowatt-hour
05,2023,MN,12.66,cents per kilowatt-hour
05,2023,MS,13.89,cents per kilowatt-hour
05,2023,MS,0.0,cents per kilowatt-hour
05,2023,MO,12.27,cents per kilowatt-hour
05,2023,MO,8.43,cents per kilowatt-hour
05,2023,MT,12.79,cents per kilowatt-hour
05,2023,MT,0.0,cents per kilowatt-hour
05,2023,NE,11.77,cents per kilowatt-hour
05,2023,NE,0.0,cents per kilowatt-hour
01,2023,IL,15.99,cents per kilowatt-hour
01,2023,IL,7.44,cents per kilowatt-hour
01,2023,IN,15.43,cents per kilowatt-hour
01,2023,IN,13.29,cents per kilowatt-hour
01,2023,IA,11.38,cents per kilowatt-hour
01,2023,IA,0.0,cents per kilowatt-hour
01,2023,KS,12.73,cents per kilowatt-hour
01,2023,KS,0.0,cents per kilowatt-hour
02,2023,IL,17.03,cents per kilowatt-hour
02,2023,IL,7.15,cents per kilowatt-hour
02,2023,IN,16.12,cents per kilowatt-hour
02,2023,IN,0.0,cents per kilowatt-hour
02,2023,IA,11.69,cents per kilowatt-hour
02,2023,IA,0.0,cents per kilowatt-hour
02,2023,KS,14.45,cents per kilowatt-hour
02,2023,KS,0.0,cents per kilowatt-hour
04,2023,VT,0.0,cents per kilowatt-hour
05,2023,WA,11.16,cents per kilowatt-hour
05,2023,WA,10.24,cents per kilowatt-hour
05,2023,WV,14.6,cents per kilowatt-hour
05,2023,WV,0.0,cents per kilowatt-hour
05,2023,WI,17.43,cents per kilowatt-hour
05,2023,WI,16.34,cents per kilowatt-hour
05,2023,WY,11.9,cents per kilowatt-hour
05,2023,WY,0.0,cents per kilowatt-hour
05,2023,NEW,29.47,cents per kilowatt-hour
05,2023,NEW,11.16,cents per kilowatt-hour
05,2023,MAT,18.96,cents per kilowatt-hour
05,2023,MAT,14.3,cents per kilowatt-hour
05,2023,ENC,16.86,cents per kilowatt-hour
05,2023,ENC,7.27,cents per kilowatt-hour
05,2023,WNC,13.4,cents per kilowatt-hour
05,2023,WNC,10.3,cents per kilowatt-hour
05,2023,SAT,14.59,cents per kilowatt-hour
05,2023,SAT,10.27,cents per kilowatt-hour
06,2023,TN,12.34,cents per kilowatt-hour
06,2023,TN,0.0,cents per kilowatt-hour
06,2023,TX,14.35,cents per kilowatt-hour
06,2023,TX,6.99,cents per kilowatt-hour
06,2023,UT,11.44,cents per kilowatt-hour
06,2023,UT,12.37,cents per kilowatt-hour
06,2023,VT,21.0,cents per kilowatt-hour
06,2023,VT,0.0,cents per kilowatt-hour
01,2023,DE,14.25,cents per kilowatt-hour
01,2023,DE,0.0,cents per kilowatt-hour
01,2023,DC,14.96,cents per kilowatt-hour
01,2023,DC,10.26,cents per kilowatt-hour
01,2023,FL,14.89,cents per kilowatt-hour
01,2023,FL,11.14,cents per kilowatt-hour
01,2023,GA,12.81,cents per kilowatt-hour
01,2023,GA,9.28,cents per kilowatt-hour
01,2023,HI,44.96,cents per kilowatt-hour
01,2023,HI,0.0,cents per kilowatt-hour
01,2023,ID,10.51,cents per kilowatt-hour
01,2023,ID,0.0,cents per kilowatt-hour
05,2023,NV,17.43,cents per kilowatt-hour
05,2023,NV,13.02,cents per kilowatt-hour
05,2023,NH,30.6,cents per kilowatt-hour
05,2023,NH,0.0,cents per kilowatt-hour
05,2023,NJ,17.13,cents per kilowatt-hour
05,2023,NJ,11.94,cents per kilowatt-hour
05,2023,NM,12.96,cents per kilowatt-hour
05,2023,NM,0.0,cents per kilowatt-hour
12,2023,VT,21.09,cents per kilowatt-hour
12,2023,VT,0.0,cents per kilowatt-hour
12,2023,VA,13.54,cents per kilowatt-hour
12,2023,VA,9.97,cents per kilowatt-hour
12,2023,WA,10.98,cents per kilowatt-hour
12,2023,WA,10.08,cents per kilowatt-hour
07,2023,ENC,16.1,cents per kilowatt-hour
07,2023,ENC,6.91,cents per kilowatt-hour
07,2023,WNC,14.3,cents per kilowatt-hour
07,2023,WNC,13.12,cents per kilowatt-hour
07,2023,SAT,14.23,cents per kilowatt-hour
07,2023,SAT,10.22,cents per kilowatt-hour
04,2023,VA,14.58,cents per kilowatt-hour
04,2023,VA,14.4,cents per kilowatt-hour
04,2023,WA,10.95,cents per kilowatt-hour
04,2023,WA,10.19,cents per kilowatt-hour
04,2023,WV,14.38,cents per kilowatt-hour
04,2023,WV,0.0,cents per kilowatt-hour
04,2023,WI,16.98,cents per kilowatt-hour
04,2023,WI,16.93,cents per kilowatt-hour
04,2023,WY,11.19,cents per kilowatt-hour
04,2023,WY,0.0,cents per kilowatt-hour
04,2023,NEW,31.22,cents per kilowatt-hour
04,2023,NEW,11.64,cents per kilowatt-hour
04,2023,MAT,18.74,cents per kilowatt-hour
04,2023,MAT,13.59,cents per kilowatt-hour
04,2023,ENC,16.57,cents per kilowatt-hour
04,2023,ENC,6.37,cents per kilowatt-hour
04,2023,WNC,12.65,cents per kilowatt-hour
04,2023,WNC,9.55,cents per kilowatt-hour
04,2023,SAT,14.64,cents per kilowatt-hour
09,2023,FL,15.48,cents per kilowatt-hour
05,2023,ESC,13.26,cents per kilowatt-hour
05,2023,ESC,0.0,cents per kilowatt-hour
05,2023,WSC,13.81,cents per kilowatt-hour
05,2023,WSC,7.11,cents per kilowatt-hour
05,2023,MTN,13.89,cents per kilowatt-hour
05,2023,MTN,11.61,cents per kilowatt-hour
05,2023,PACC,22.11,cents per kilowatt-hour
05,2023,PACC,12.86,cents per kilowatt-hour
09,2023,AK,24.57,cents per kilowatt-hour
09,2023,AK,0.0,cents per kilowatt-hour
09,2023,AZ,14.38,cents per kilowatt-hour
09,2023,AZ,10.41,cents per kilowatt-hour
09,2023,AR,12.69,cents per kilowatt-hour
09,2023,AR,15.52,cents per kilowatt-hour
09,2023,CA,30.01,cents per kilowatt-hour
09,2023,CA,15.19,cents per kilowatt-hour
09,2023,CO,15.03,cents per kilowatt-hour
09,2023,CO,15.43,cents per kilowatt-hour
09,2023,CT,29.31,cents per kilowatt-hour
09,2023,CT,20.36,cents per kilowatt-hour
08,2023,AZ,13.83,cents per kilowatt-hour
08,2023,AZ,10.38,cents per kilowatt-hour
08,2023,AR,12.47,cents per kilowatt-hour
08,2023,AR,15.52,cents per kilowatt-hour
03,2023,NE,10.48,cents per kilowatt-hour
03,2023,NE,0.0,cents per kilowatt-hour
03,2023,NV,17.11,cents per kilowatt-hour
03,2023,NV,12.96,cents per kilowatt-hour
03,2023,NH,30.25,cents per kilowatt-hour
03,2023,NH,0.0,cents per kilowatt-hour
03,2023,NJ,17.12,cents per kilowatt-hour
03,2023,NJ,11.38,cents per kilowatt-hour
03,2023,NM,13.05,cents per kilowatt-hour
03,2023,NM,0.0,cents per kilowatt-hour
03,2023,NY,21.21,cents per kilowatt-hour
03,2023,NY,14.73,cents per kilowatt-hour
03,2023,NC,12.67,cents per kilowatt-hour
03,2023,NC,7.96,cents per kilowatt-hour
07,2023,ESC,13.03,cents per kilowatt-hour
07,2023,ESC,0.0,cents per kilowatt-hour
07,2023,WSC,13.34,cents per kilowatt-hour
07,2023,WSC,7.48,cents per kilowatt-hour
07,2023,MTN,14.03,cents per kilowatt-hour
07,2023,MTN,13.26,cents per kilowatt-hour
07,2023,PACC,23.37,cents per kilowatt-hour
07,2023,PACC,12.82,cents per kilowatt-hour
07,2023,PACN,34.13,cents per kilowatt-hour
07,2023,PACN,0.0,cents per kilowatt-hour
07,2023,US,15.86,cents per kilowatt-hour
07,2023,US,12.77,cents per kilowatt-hour
08,2023,AL,14.19,cents per kilowatt-hour
08,2023,AL,0.0,cents per kilowatt-hour
05,2023,PA,18.46,cents per kilowatt-hour
05,2023,PA,9.3,cents per kilowatt-hour
05,2023,RI,26.84,cents per kilowatt-hour
05,2023,RI,16.88,cents per kilowatt-hour
09,2023,FL,11.69,cents per kilowatt-hour
09,2023,GA,13.97,cents per kilowatt-hour
09,2023,GA,9.4,cents per kilowatt-hour
09,2023,HI,41.52,cents per kilowatt-hour
09,2023,HI,0.0,cents per kilowatt-hour
09,2023,ID,11.53,cents per kilowatt-hour
09,2023,ID,0.0,cents per kilowatt-hour
09,2023,IL,14.7,cents per kilowatt-hour
09,2023,IL,7.0,cents per kilowatt-hour
02,2023,WA,10.71,cents per kilowatt-hour
02,2023,WA,10.54,cents per kilowatt-hour
02,2023,WV,13.55,cents per kilowatt-hour
02,2023,WV,0.0,cents per kilowatt-hour
02,2023,WI,16.33,cents per kilowatt-hour
02,2023,WI,16.41,cents per kilowatt-hour
02,2023,WY,10.26,cents per kilowatt-hour
02,2023,WY,0.0,cents per kilowatt-hour
02,2023,NEW,31.26,cents per kilowatt-hour
02,2023,NEW,19.09,cents per kilowatt-hour
02,2023,MAT,20.26,cents per kilowatt-hour
02,2023,MAT,14.84,cents per kilowatt-hour
06,2023,PACN,0.0,cents per kilowatt-hour
06,2023,US,16.09,cents per kilowatt-hour
06,2023,US,12.41,cents per kilowatt-hour
03,2023,OK,11.71,cents per kilowatt-hour
03,2023,OK,0.0,cents per kilowatt-hour
03,2023,OR,12.22,cents per kilowatt-hour
03,2023,OR,11.43,cents per kilowatt-hour
02,2023,MI,17.99,cents per kilowatt-hour
02,2023,MI,12.67,cents per kilowatt-hour
02,2023,MN,13.63,cents per kilowatt-hour
02,2023,MN,11.88,cents per kilowatt-hour
02,2023,MS,13.57,cents per kilowatt-hour
02,2023,MS,0.0,cents per kilowatt-hour
02,2023,MO,11.36,cents per kilowatt-hour
02,2023,MO,7.74,cents per kilowatt-hour
02,2023,MT,11.96,cents per kilowatt-hour
02,2023,MT,0.0,cents per kilowatt-hour
02,2023,NE,10.16,cents per kilowatt-hour
02,2023,NE,0.0,cents per kilowatt-hour
02,2023,NV,17.04,cents per kilowatt-hour
02,2023,NV,13.21,cents per kilowatt-hour
02,2023,NH,30.98,cents per kilowatt-hour
02,2023,NH,0.0,cents per kilowatt-hour
02,2023,NJ,16.97,cents per kilowatt-hour
02,2023,NJ,12.64,cents per kilowatt-hour
02,2023,NM,13.75,cents per kilowatt-hour
02,2023,NM,0.0,cents per kilowatt-hour
02,2023,NY,24.18,cents per kilowatt-hour
02,2023,NY,15.75,cents per kilowatt-hour
11,2023,NM,14.2,cents per kilowatt-hour
11,2023,NM,0.0,cents per kilowatt-hour
11,2023,NY,22.85,cents per kilowatt-hour
11,2023,NY,15.78,cents per kilowatt-hour
11,2023,NC,13.39,cents per kilowatt-hour
11,2023,NC,9.27,cents per kilowatt-hour
11,2023,ND,10.77,cents per kilowatt-hour
11,2023,ND,0.0,cents per kilowatt-hour
11,2023,OH,15.65,cents per kilowatt-hour
11,2023,OH,6.15,cents per kilowatt-hour
11,2023,OK,11.88,cents per kilowatt-hour
11,2023,OK,0.0,cents per kilowatt-hour
11,2023,OR,12.99,cents per kilowatt-hour
11,2023,OR,11.51,cents per kilowatt-hour
11,2023,PA,18.11,cents per kilowatt-hour
11,2023,PA,10.08,cents per kilowatt-hour
02,2023,ENC,16.28,cents per kilowatt-hour
02,2023,ENC,7.08,cents per kilowatt-hour
02,2023,WNC,12.03,cents per kilowatt-hour
02,2023,WNC,9.72,cents per kilowatt-hour
02,2023,SAT,14.56,cents per kilowatt-hour
02,2023,SAT,10.24,cents per kilowatt-hour
02,2023,ESC,13.39,cents per kilowatt-hour
02,2023,ESC,0.0,cents per kilowatt-hour
03,2023,PA,18.13,cents per kilowatt-hour
03,2023,PA,9.36,cents per kilowatt-hour
03,2023,RI,27.91,cents per kilowatt-hour
03,2023,RI,16.1,cents per kilowatt-hour
12,2023,MT,12.58,cents per kilowatt-hour
12,2023,MT,0.0,cents per kilowatt-hour
12,2023,NE,10.47,cents per kilowatt-hour
12,2023,NE,0.0,cents per kilowatt-hour
12,2023,NV,15.55,cents per kilowatt-hour
12,2023,NV,12.1,cents per kilowatt-hour
12,2023,NH,24.74,cents per kilowatt-hour
12,2023,NH,0.0,cents per kilowatt-hour
12,2023,NJ,17.56,cents per kilowatt-hour
12,2023,NJ,11.66,cents per kilowatt-hour
12,2023,NM,13.37,cents per kilowatt-hour
12,2023,NM,0.0,cents per kilowatt-hour
12,2023,NY,22.42,cents per kilowatt-hour
12,2023,NY,14.38,cents per kilowatt-hour
12,2023,NC,12.97,cents per kilowatt-hour
12,2023,NC,9.33,cents per kilowatt-hour
09,2023,MS,12.85,cents per kilowatt-hour
09,2023,MS,0.0,cents per kilowatt-hour
09,2023,MO,14.03,cents per kilowatt-hour
09,2023,MO,13.31,cents per kilowatt-hour
09,2023,MT,13.15,cents per kilowatt-hour
09,2023,MT,0.0,cents per kilowatt-hour
09,2023,NE,12.32,cents per kilowatt-hour
09,2023,NE,0.0,cents per kilowatt-hour
09,2023,NV,16.94,cents per kilowatt-hour
09,2023,NV,13.01,cents per kilowatt-hour
09,2023,NH,23.24,cents per kilowatt-hour
09,2023,NH,0.0,cents per kilowatt-hour
09,2023,NJ,17.97,cents per kilowatt-hour
09,2023,NJ,11.86,cents per kilowatt-hour
09,2023,NM,14.88,cents per kilowatt-hour
09,2023,NM,0.0,cents per kilowatt-hour
09,2023,NY,23.24,cents per kilowatt-hour
09,2023,NY,19.09,cents per kilowatt-hour
09,2023,NC,13.72,cents per kilowatt-hour
09,2023,NC,10.12,cents per kilowatt-hour
10,2023,DC,18.03,cents per kilowatt-hour
10,2023,DC,10.51,cents per kilowatt-hour
10,2023,FL,15.45,cents per kilowatt-hour
10,2023,FL,11.45,cents per kilowatt-hour
10,2023,GA,13.69,cents per kilowatt-hour
10,2023,GA,6.13,cents per kilowatt-hour
10,2023,HI,42.68,cents per kilowatt-hour
10,2023,HI,0.0,cents per kilowatt-hour
10,2023,ID,12.07,cents per kilowatt-hour
10,2023,ID,0.0,cents per kilowatt-hour
10,2023,IL,15.75,cents per kilowatt-hour
10,2023,IL,7.14,cents per kilowatt-hour
10,2023,IN,15.17,cents per kilowatt-hour
10,2023,IN,13.29,cents per kilowatt-hour
10,2023,IA,13.46,cents per kilowatt-hour
10,2023,IA,0.0,cents per kilowatt-hour
10,2023,KS,13.45,cents per kilowatt-hour
10,2023,KS,0.0,cents per kilowatt-hour
12,2023,ND,10.27,cents per kilowatt-hour
12,2023,ND,0.0,cents per kilowatt-hour
12,2023,OH,15.57,cents per kilowatt-hour
12,2023,OH,6.14,cents per kilowatt-hour
04,2023,SAT,10.11,cents per kilowatt-hour
04,2023,ESC,13.06,cents per kilowatt-hour
04,2023,ESC,0.0,cents per kilowatt-hour
04,2023,WSC,13.56,cents per kilowatt-hour
04,2023,WSC,7.37,cents per kilowatt-hour
04,2023,MTN,13.38,cents per kilowatt-hour
04,2023,MTN,12.16,cents per kilowatt-hour
04,2023,PACC,21.33,cents per kilowatt-hour
04,2023,PACC,11.37,cents per kilowatt-hour
04,2023,PACN,34.5,cents per kilowatt-hour
04,2023,PACN,0.0,cents per kilowatt-hour
04,2023,US,16.1,cents per kilowatt-hour
04,2023,US,12.05,cents per kilowatt-hour
07,2023,LA,11.26,cents per kilowatt-hour
07,2023,LA,10.91,cents per kilowatt-hour
03,2023,ND,9.75,cents per kilowatt-hour
03,2023,ND,0.0,cents per kilowatt-hour
03,2023,OH,14.89,cents per kilowatt-hour
03,2023,OH,5.63,cents per kilowatt-hour
06,2023,OK,12.43,cents per kilowatt-hour
06,2023,OK,0.0,cents per kilowatt-hour
06,2023,OR,13.14,cents per kilowatt-hour
06,2023,OR,11.36,cents per kilowatt-hour
06,2023,PA,18.39,cents per kilowatt-hour
06,2023,PA,9.04,cents per kilowatt-hour
06,2023,RI,23.83,cents per kilowatt-hour
06,2023,RI,17.72,cents per kilowatt-hour
06,2023,SC,13.75,cents per kilowatt-hour
06,2023,SC,0.0,cents per kilowatt-hour
06,2023,SD,13.3,cents per kilowatt-hour
06,2023,SD,0.0,cents per kilowatt-hour
03,2023,MTN,13.04,cents per kilowatt-hour
03,2023,MTN,12.14,cents per kilowatt-hour
09,2023,ND,12.83,cents per kilowatt-hour
09,2023,ND,0.0,cents per kilowatt-hour
10,2023,KY,13.17,cents per kilowatt-hour
10,2023,KY,0.0,cents per kilowatt-hour
10,2023,LA,11.95,cents per kilowatt-hour
10,2023,LA,10.61,cents per kilowatt-hour
10,2023,ME,29.06,cents per kilowatt-hour
10,2023,ME,0.0,cents per kilowatt-hour
10,2023,MD,18.38,cents per kilowatt-hour
10,2023,MD,11.55,cents per kilowatt-hour
10,2023,MA,28.19,cents per kilowatt-hour
10,2023,MA,6.65,cents per kilowatt-hour
10,2023,MI,19.2,cents per kilowatt-hour
10,2023,MI,14.43,cents per kilowatt-hour
10,2023,MN,15.45,cents per kilowatt-hour
10,2023,MN,12.4,cents per kilowatt-hour
10,2023,MS,13.47,cents per kilowatt-hour
10,2023,MS,0.0,cents per kilowatt-hour
10,2023,MO,12.2,cents per kilowatt-hour
10,2023,MO,12.48,cents per kilowatt-hour
10,2023,MT,12.93,cents per kilowatt-hour
10,2023,MT,0.0,cents per kilowatt-hour
07,2023,ME,27.73,cents per kilowatt-hour
07,2023,ME,0.0,cents per kilowatt-hour
07,2023,VT,20.45,cents per kilowatt-hour
07,2023,VT,0.0,cents per kilowatt-hour
07,2023,VA,13.88,cents per kilowatt-hour
07,2023,VA,10.91,cents per kilowatt-hour
07,2023,WA,11.15,cents per kilowatt-hour
07,2023,WA,9.89,cents per kilowatt-hour
07,2023,WV,14.08,cents per kilowatt-hour
07,2023,WV,0.0,cents per kilowatt-hour
07,2023,WI,17.02,cents per kilowatt-hour
07,2023,WI,16.5,cents per kilowatt-hour
07,2023,WY,12.49,cents per kilowatt-hour
07,2023,WY,0.0,cents per kilowatt-hour
07,2023,NEW,26.84,cents per kilowatt-hour
07,2023,NEW,12.52,cents per kilowatt-hour
07,2023,MAT,19.7,cents per kilowatt-hour
07,2023,MAT,14.73,cents per kilowatt-hour
09,2023,WV,14.35,cents per kilowatt-hour
09,2023,WV,0.0,cents per kilowatt-hour
02,2023,NC,12.75,cents per kilowatt-hour
02,2023,NC,7.81,cents per kilowatt-hour
02,2023,ND,10.01,cents per kilowatt-hour
02,2023,ND,0.0,cents per kilowatt-hour
02,2023,OH,14.62,cents per kilowatt-hour
02,2023,OH,5.31,cents per kilowatt-hour
01,2023,KY,12.83,cents per kilowatt-hour
01,2023,KY,0.0,cents per kilowatt-hour
01,2023,LA,11.98,cents per kilowatt-hour
01,2023,LA,9.77,cents per kilowatt-hour
01,2023,ME,24.08,cents per kilowatt-hour
01,2023,ME,0.0,cents per kilowatt-hour
01,2023,MD,15.98,cents per kilowatt-hour
01,2023,MD,10.79,cents per kilowatt-hour
01,2023,MA,32.19,cents per kilowatt-hour
01,2023,MA,7.2,cents per kilowatt-hour
01,2023,MI,18.16,cents per kilowatt-hour
01,2023,MI,12.07,cents per kilowatt-hour
01,2023,MN,13.25,cents per kilowatt-hour
01,2023,MN,11.07,cents per kilowatt-hour
01,2023,MS,12.98,cents per kilowatt-hour
01,2023,MS,0.0,cents per kilowatt-hour
01,2023,MO,10.54,cents per kilowatt-hour
01,2023,MO,7.14,cents per kilowatt-hour
01,2023,MT,11.89,cents per kilowatt-hour
01,2023,MT,0.0,cents per kilowatt-hour
01,2023,NE,9.27,cents per kilowatt-hour
09,2023,WI,17.41,cents per kilowatt-hour
09,2023,WI,19.26,cents per kilowatt-hour
09,2023,WY,12.64,cents per kilowatt-hour
09,2023,WY,0.0,cents per kilowatt-hour
09,2023,NEW,27.37,cents per kilowatt-hour
09,2023,NEW,12.49,cents per kilowatt-hour
09,2023,MAT,20.11,cents per kilowatt-hour
09,2023,MAT,17.58,cents per kilowatt-hour
09,2023,OH,15.59,cents per kilowatt-hour
09,2023,OH,6.68,cents per kilowatt-hour
09,2023,OK,13.03,cents per kilowatt-hour
09,2023,OK,0.0,cents per kilowatt-hour
09,2023,OR,13.19,cents per kilowatt-hour
09,2023,OR,11.28,cents per kilowatt-hour
09,2023,PA,18.02,cents per kilowatt-hour
09,2023,PA,10.6,cents per kilowatt-hour
09,2023,RI,25.27,cents per kilowatt-hour
05,2023,PACN,34.99,cents per kilowatt-hour
05,2023,PACN,0.0,cents per kilowatt-hour
01,2023,AK,21.73,cents per kilowatt-hour
01,2023,AK,0.0,cents per kilowatt-hour
01,2023,AZ,12.63,cents per kilowatt-hour
01,2023,AZ,8.77,cents per kilowatt-hour
01,2023,AR,11.42,cents per kilowatt-hour
01,2023,AR,13.94,cents per kilowatt-hour
01,2023,CA,26.47,cents per kilowatt-hour
01,2023,CA,11.67,cents per kilowatt-hour
01,2023,CO,14.11,cents per kilowatt-hour
01,2023,CO,12.57,cents per kilowatt-hour
01,2023,CT,30.29,cents per kilowatt-hour
01,2023,CT,25.99,cents per kilowatt-hour
01,2023,WV,13.06,cents per kilowatt-hour
01,2023,WV,0.0,cents per kilowatt-hour
01,2023,WI,16.17,cents per kilowatt-hour
01,2023,WI,15.54,cents per kilowatt-hour
10,2023,US,16.48,cents per kilowatt-hour
10,2023,US,12.65,cents per kilowatt-hour
11,2023,AL,14.98,cents per kilowatt-hour
11,2023,AL,0.0,cents per kilowatt-hour
11,2023,AK,24.13,cents per kilowatt-hour
11,2023,AK,0.0,cents per kilowatt-hour
11,2023,AZ,14.55,cents per kilowatt-hour
11,2023,AZ,9.68,cents per kilowatt-hour
01,2023,NE,0.0,cents per kilowatt-hour
01,2023,NV,16.8,cents per kilowatt-hour
01,2023,NV,11.91,cents per kilowatt-hour
01,2023,NH,31.68,cents per kilowatt-hour
01,2023,NH,0.0,cents per kilowatt-hour
01,2023,OK,10.75,cents per kilowatt-hour
01,2023,OK,0.0,cents per kilowatt-hour
01,2023,OR,12.09,cents per kilowatt-hour
01,2023,OR,11.16,cents per kilowatt-hour
01,2023,PA,18.02,cents per kilowatt-hour
01,2023,PA,11.24,cents per kilowatt-hour
01,2023,RI,28.94,cents per kilowatt-hour
01,2023,RI,17.94,cents per kilowatt-hour
01,2023,SC,13.58,cents per kilowatt-hour
01,2023,SC,0.0,cents per kilowatt-hour
01,2023,SD,11.19,cents per kilowatt-hour
01,2023,SD,0.0,cents per kilowatt-hour
09,2023,IN,14.1,cents per kilowatt-hour
09,2023,IN,14.88,cents per kilowatt-hour
09,2023,IA,14.12,cents per kilowatt-hour
09,2023,IA,0.0,cents per kilowatt-hour
09,2023,KS,13.2,cents per kilowatt-hour
09,2023,KS,0.0,cents per kilowatt-hour
05,2023,US,16.14,cents per kilowatt-hour
05,2023,US,12.43,cents per kilowatt-hour
08,2023,CA,29.97,cents per kilowatt-hour
08,2023,CA,13.83,cents per kilowatt-hour
08,2023,CO,14.45,cents per kilowatt-hour
08,2023,CO,13.96,cents per kilowatt-hour
08,2023,CT,27.94,cents per kilowatt-hour
08,2023,CT,22.64,cents per kilowatt-hour
08,2023,DE,15.66,cents per kilowatt-hour
08,2023,DE,0.0,cents per kilowatt-hour
08,2023,DC,16.48,cents per kilowatt-hour
08,2023,DC,10.29,cents per kilowatt-hour
08,2023,FL,14.89,cents per kilowatt-hour
08,2023,FL,10.82,cents per kilowatt-hour
08,2023,GA,14.12,cents per kilowatt-hour
08,2023,GA,9.68,cents per kilowatt-hour
08,2023,HI,39.77,cents per kilowatt-hour
08,2023,HI,0.0,cents per kilowatt-hour
11,2023,AR,12.31,cents per kilowatt-hour
11,2023,AR,15.97,cents per kilowatt-hour
11,2023,CA,29.54,cents per kilowatt-hour
11,2023,CA,13.56,cents per kilowatt-hour
11,2023,CO,14.58,cents per kilowatt-hour
11,2023,CO,13.16,cents per kilowatt-hour
11,2023,CT,26.98,cents per kilowatt-hour
11,2023,CT,16.0,cents per kilowatt-hour
11,2023,DE,17.22,cents per kilowatt-hour
11,2023,DE,0.0,cents per kilowatt-hour
11,2023,DC,16.99,cents per kilowatt-hour
11,2023,DC,9.77,cents per kilowatt-hour
11,2023,FL,15.37,cents per kilowatt-hour
11,2023,FL,11.38,cents per kilowatt-hour
11,2023,GA,13.16,cents per kilowatt-hour
11,2023,GA,6.23,cents per kilowatt-hour
11,2023,HI,43.53,cents per kilowatt-hour
11,2023,HI,0.0,cents per kilowatt-hour
11,2023,ID,11.48,cents per kilowatt-hour
11,2023,ID,0.0,cents per kilowatt-hour
11,2023,IL,15.65,cents per kilowatt-hour
11,2023,IL,5.53,cents per kilowatt-hour
09,2023,KY,12.61,cents per kilowatt-hour
09,2023,KY,0.0,cents per kilowatt-hour
08,2023,ID,11.56,cents per kilowatt-hour
08,2023,ID,0.0,cents per kilowatt-hour
08,2023,IL,13.74,cents per kilowatt-hour
08,2023,IL,6.51,cents per kilowatt-hour
08,2023,IN,14.17,cents per kilowatt-hour
08,2023,IN,14.01,cents per kilowatt-hour
08,2023,IA,15.17,cents per kilowatt-hour
08,2023,IA,0.0,cents per kilowatt-hour
08,2023,KS,13.35,cents per kilowatt-hour
08,2023,KS,0.0,cents per kilowatt-hour
08,2023,KY,12.33,cents per kilowatt-hour
08,2023,KY,0.0,cents per kilowatt-hour
08,2023,LA,11.06,cents per kilowatt-hour
08,2023,LA,10.85,cents per kilowatt-hour
08,2023,AK,25.14,cents per kilowatt-hour
08,2023,AK,0.0,cents per kilowatt-hour
03,2023,SC,13.83,cents per kilowatt-hour
03,2023,SC,0.0,cents per kilowatt-hour
03,2023,SD,11.41,cents per kilowatt-hour
03,2023,SD,0.0,cents per kilowatt-hour
03,2023,TN,12.4,cents per kilowatt-hour
03,2023,TN,0.0,cents per kilowatt-hour
03,2023,TX,14.61,cents per kilowatt-hour
07,2023,MO,14.42,cents per kilowatt-hour
07,2023,MO,12.86,cents per kilowatt-hour
07,2023,MT,13.07,cents per kilowatt-hour
07,2023,MT,0.0,cents per kilowatt-hour
07,2023,NE,12.35,cents per kilowatt-hour
07,2023,NE,0.0,cents per kilowatt-hour
07,2023,NV,16.3,cents per kilowatt-hour
07,2023,NV,12.97,cents per kilowatt-hour
07,2023,NH,28.96,cents per kilowatt-hour
07,2023,NH,0.0,cents per kilowatt-hour
07,2023,NJ,18.42,cents per kilowatt-hour
07,2023,NJ,12.95,cents per kilowatt-hour
07,2023,NM,14.39,cents per kilowatt-hour
07,2023,NM,0.0,cents per kilowatt-hour
10,2023,AL,15.08,cents per kilowatt-hour
10,2023,AL,0.0,cents per kilowatt-hour
10,2023,AK,24.04,cents per kilowatt-hour
10,2023,AK,0.0,cents per kilowatt-hour
10,2023,AZ,14.53,cents per kilowatt-hour
10,2023,AZ,10.51,cents per kilowatt-hour
11,2023,IN,14.64,cents per kilowatt-hour
11,2023,IN,12.18,cents per kilowatt-hour
11,2023,IA,12.91,cents per kilowatt-hour
11,2023,IA,0.0,cents per kilowatt-hour
11,2023,KS,13.04,cents per kilowatt-hour
11,2023,KS,0.0,cents per kilowatt-hour
06,2023,WV,14.44,cents per kilowatt-hour
06,2023,WV,0.0,cents per kilowatt-hour
06,2023,WI,17.14,cents per kilowatt-hour
06,2023,WI,17.63,cents per kilowatt-hour
06,2023,WY,12.53,cents per kilowatt-hour
06,2023,WY,0.0,cents per kilowatt-hour
06,2023,NEW,28.34,cents per kilowatt-hour
06,2023,NEW,11.54,cents per kilowatt-hour
06,2023,MAT,19.57,cents per kilowatt-hour
06,2023,MAT,14.41,cents per kilowatt-hour
06,2023,ENC,16.37,cents per kilowatt-hour
06,2023,ENC,7.33,cents per kilowatt-hour
06,2023,WNC,14.16,cents per kilowatt-hour
06,2023,WNC,11.53,cents per kilowatt-hour
06,2023,SAT,14.7,cents per kilowatt-hour
06,2023,SAT,10.05,cents per kilowatt-hour
06,2023,ESC,13.24,cents per kilowatt-hour
06,2023,ESC,0.0,cents per kilowatt-hour
06,2023,WSC,13.63,cents per kilowatt-hour
06,2023,WSC,7.29,cents per kilowatt-hour
06,2023,MTN,14.17,cents per kilowatt-hour
06,2023,MTN,13.69,cents per kilowatt-hour
06,2023,PACC,23.63,cents per kilowatt-hour
06,2023,PACC,11.66,cents per kilowatt-hour
06,2023,PACN,35.02,cents per kilowatt-hour
11,2023,MD,17.38,cents per kilowatt-hour
11,2023,MD,11.71,cents per kilowatt-hour
11,2023,MA,28.41,cents per kilowatt-hour
11,2023,MA,6.6,cents per kilowatt-hour
11,2023,MI,18.59,cents per kilowatt-hour
11,2023,MI,14.35,cents per kilowatt-hour
11,2023,MN,14.52,cents per kilowatt-hour
11,2023,MN,12.34,cents per kilowatt-hour
11,2023,MS,13.5,cents per kilowatt-hour
11,2023,MS,0.0,cents per kilowatt-hour
11,2023,MO,11.98,cents per kilowatt-hour
11,2023,MO,8.97,cents per kilowatt-hour
11,2023,MT,12.58,cents per kilowatt-hour
11,2023,MT,0.0,cents per kilowatt-hour
11,2023,NE,11.26,cents per kilowatt-hour
11,2023,NE,0.0,cents per kilowatt-hour
11,2023,NV,17.11,cents per kilowatt-hour
11,2023,NV,12.21,cents per kilowatt-hour
09,2023,DE,15.81,cents per kilowatt-hour
09,2023,DE,0.0,cents per kilowatt-hour
09,2023,DC,16.29,cents per kilowatt-hour
09,2023,DC,9.21,cents per kilowatt-hour
02,2023,RI,15.84,cents per kilowatt-hour
02,2023,SC,14.06,cents per kilowatt-hour
02,2023,SC,0.0,cents per kilowatt-hour
02,2023,SD,11.46,cents per kilowatt-hour
02,2023,SD,0.0,cents per kilowatt-hour
02,2023,TN,12.54,cents per kilowatt-hour
02,2023,TN,0.0,cents per kilowatt-hour
02,2023,TX,14.72,cents per kilowatt-hour
02,2023,TX,6.99,cents per kilowatt-hour
11,2023,RI,29.78,cents per kilowatt-hour
11,2023,RI,16.52,cents per kilowatt-hour
11,2023,SC,13.76,cents per kilowatt-hour
11,2023,SC,0.0,cents per kilowatt-hour
11,2023,SD,12.21,cents per kilowatt-hour
11,2023,SD,0.0,cents per kilowatt-hour
11,2023,TN,12.6,cents per kilowatt-hour
11,2023,TN,0.0,cents per kilowatt-hour
11,2023,TX,14.79,cents per kilowatt-hour
11,2023,TX,7.6,cents per kilowatt-hour
11,2023,UT,11.05,cents per kilowatt-hour
11,2023,UT,12.16,cents per kilowatt-hour
01,2024,AL,14.4,cents per kilowatt-hour
01,2024,AL,0.0,cents per kilowatt-hour
01,2024,AK,23.78,cents per kilowatt-hour
01,2024,AK,0.0,cents per kilowatt-hour
11,2023,VT,21.57,cents per kilowatt-hour
11,2023,VT,0.0,cents per kilowatt-hour
11,2023,VA,13.93,cents per kilowatt-hour
11,2023,VA,9.97,cents per kilowatt-hour
11,2023,WA,11.07,cents per kilowatt-hour
11,2023,WA,10.02,cents per kilowatt-hour
01,2024,AZ,14.11,cents per kilowatt-hour
01,2024,AZ,9.95,cents per kilowatt-hour
01,2024,AR,11.24,cents per kilowatt-hour
01,2024,AR,12.7,cents per kilowatt-hour
01,2024,CA,29.49,cents per kilowatt-hour
01,2024,CA,17.06,cents per kilowatt-hour
01,2024,CO,14.26,cents per kilowatt-hour
01,2024,CO,9.99,cents per kilowatt-hour
01,2024,CT,27.4,cents per kilowatt-hour
01,2024,CT,18.36,cents per kilowatt-hour
01,2024,DE,15.59,cents per kilowatt-hour
01,2024,DE,0.0,cents per kilowatt-hour
01,2024,DC,16.89,cents per kilowatt-hour
01,2024,DC,9.86,cents per kilowatt-hour
01,2024,FL,14.79,cents per kilowatt-hour
01,2024,FL,11.82,cents per kilowatt-hour
01,2024,GA,12.34,cents per kilowatt-hour
01,2024,GA,6.29,cents per kilowatt-hour
01,2024,HI,44.28,cents per kilowatt-hour
01,2024,HI,0.0,cents per kilowatt-hour
01,2024,ID,10.79,cents per kilowatt-hour
01,2024,ID,0.0,cents per kilowatt-hour
01,2024,IL,15.03,cents per kilowatt-hour
01,2024,IL,10.41,cents per kilowatt-hour
12,2023,WV,13.35,cents per kilowatt-hour
12,2023,WV,0.0,cents per kilowatt-hour
12,2023,WI,16.58,cents per kilowatt-hour
12,2023,WI,17.48,cents per kilowatt-hour
12,2023,WY,11.32,cents per kilowatt-hour
12,2023,WY,0.0,cents per kilowatt-hour
12,2023,NEW,27.52,cents per kilowatt-hour
12,2023,NEW,12.72,cents per kilowatt-hour
12,2023,MAT,19.36,cents per kilowatt-hour
12,2023,MAT,13.77,cents per kilowatt-hour
12,2023,ENC,15.93,cents per kilowatt-hour
12,2023,ENC,7.43,cents per kilowatt-hour
12,2023,WNC,12.06,cents per kilowatt-hour
12,2023,WNC,9.58,cents per kilowatt-hour
12,2023,SAT,14.14,cents per kilowatt-hour
12,2023,SAT,10.25,cents per kilowatt-hour
12,2023,ESC,12.86,cents per kilowatt-hour
12,2023,ESC,0.0,cents per kilowatt-hour
12,2023,WSC,13.48,cents per kilowatt-hour
12,2023,WSC,9.11,cents per kilowatt-hour
12,2023,MTN,13.44,cents per kilowatt-hour
12,2023,MTN,12.12,cents per kilowatt-hour
12,2023,PACC,20.7,cents per kilowatt-hour
12,2023,PACC,12.54,cents per kilowatt-hour
12,2023,PACN,33.46,cents per kilowatt-hour
12,2023,PACN,0.0,cents per kilowatt-hour
12,2023,US,15.69,cents per kilowatt-hour
12,2023,US,12.34,cents per kilowatt-hour
06,2023,VA,15.13,cents per kilowatt-hour
06,2023,VA,10.49,cents per kilowatt-hour
06,2023,WA,11.21,cents per kilowatt-hour
06,2023,WA,9.95,cents per kilowatt-hour
01,2023,SAT,10.66,cents per kilowatt-hour
01,2023,ESC,12.95,cents per kilowatt-hour
01,2023,ESC,0.0,cents per kilowatt-hour
01,2023,WSC,13.38,cents per kilowatt-hour
01,2023,WSC,7.3,cents per kilowatt-hour
01,2023,MTN,12.81,cents per kilowatt-hour
01,2023,MTN,12.29,cents per kilowatt-hour
01,2023,PACC,19.48,cents per kilowatt-hour
01,2023,PACC,11.43,cents per kilowatt-hour
01,2023,PACN,33.38,cents per kilowatt-hour
01,2023,PACN,0.0,cents per kilowatt-hour
01,2023,US,15.47,cents per kilowatt-hour
01,2023,US,12.54,cents per kilowatt-hour
02,2023,AL,15.34,cents per kilowatt-hour
02,2023,AL,0.0,cents per kilowatt-hour
02,2023,AK,22.92,cents per kilowatt-hour
02,2023,AK,0.0,cents per kilowatt-hour
02,2023,AZ,13.12,cents per kilowatt-hour
02,2023,AZ,8.88,cents per kilowatt-hour
02,2023,AR,11.99,cents per kilowatt-hour
02,2023,AR,14.03,cents per kilowatt-hour
02,2023,CA,27.25,cents per kilowatt-hour
02,2023,CA,11.96,cents per kilowatt-hour
02,2023,CO,14.23,cents per kilowatt-hour
02,2023,CO,13.67,cents per kilowatt-hour
02,2023,CT,34.38,cents per kilowatt-hour
02,2023,CT,38.63,cents per kilowatt-hour
02,2023,DE,15.01,cents per kilowatt-hour
02,2023,DE,0.0,cents per kilowatt-hour
01,2024,PA,17.43,cents per kilowatt-hour
01,2024,PA,10.07,cents per kilowatt-hour
01,2024,RI,31.26,cents per kilowatt-hour
01,2024,RI,20.29,cents per kilowatt-hour
01,2024,SC,13.54,cents per kilowatt-hour
01,2024,SC,0.0,cents per kilowatt-hour
01,2024,SD,11.18,cents per kilowatt-hour
01,2024,SD,0.0,cents per kilowatt-hour
01,2024,TN,12.25,cents per kilowatt-hour
01,2024,TN,0.0,cents per kilowatt-hour
01,2024,TX,14.28,cents per kilowatt-hour
01,2024,TX,6.96,cents per kilowatt-hour
01,2024,UT,10.85,cents per kilowatt-hour
01,2024,UT,12.07,cents per kilowatt-hour
01,2024,VT,21.11,cents per kilowatt-hour
01,2024,VT,0.0,cents per kilowatt-hour
01,2024,VA,13.5,cents per kilowatt-hour
01,2024,VA,10.03,cents per kilowatt-hour
01,2024,WA,11.09,cents per kilowatt-hour
01,2024,WA,9.83,cents per kilowatt-hour
01,2024,WV,13.65,cents per kilowatt-hour
01,2024,WV,0.0,cents per kilowatt-hour
01,2024,WI,16.46,cents per kilowatt-hour
01,2024,WI,20.1,cents per kilowatt-hour
01,2024,WY,10.86,cents per kilowatt-hour
01,2024,WY,0.0,cents per kilowatt-hour
04,2023,NY,19.81,cents per kilowatt-hour
04,2023,NY,14.66,cents per kilowatt-hour
04,2023,NC,12.91,cents per kilowatt-hour
04,2023,NC,8.03,cents per kilowatt-hour
04,2023,ND,10.28,cents per kilowatt-hour
04,2023,ND,0.0,cents per kilowatt-hour
04,2023,OH,15.01,cents per kilowatt-hour
04,2023,OH,5.58,cents per kilowatt-hour
04,2023,OK,12.17,cents per kilowatt-hour
04,2023,OK,0.0,cents per kilowatt-hour
04,2023,OR,12.55,cents per kilowatt-hour
04,2023,OR,11.46,cents per kilowatt-hour
04,2023,PA,18.36,cents per kilowatt-hour
04,2023,PA,8.65,cents per kilowatt-hour
01,2024,NEW,27.36,cents per kilowatt-hour
01,2024,NEW,13.34,cents per kilowatt-hour
01,2024,MAT,19.68,cents per kilowatt-hour
01,2024,MAT,13.21,cents per kilowatt-hour
01,2024,ENC,15.75,cents per kilowatt-hour
01,2024,ENC,10.19,cents per kilowatt-hour
04,2023,KY,12.79,cents per kilowatt-hour
04,2023,KY,0.0,cents per kilowatt-hour
04,2023,LA,11.2,cents per kilowatt-hour
04,2023,LA,10.51,cents per kilowatt-hour
04,2023,ME,28.61,cents per kilowatt-hour
04,2023,ME,0.0,cents per kilowatt-hour
04,2023,MD,15.92,cents per kilowatt-hour
04,2023,MD,11.18,cents per kilowatt-hour
04,2023,MA,32.36,cents per kilowatt-hour
04,2023,MA,7.5,cents per kilowatt-hour
04,2023,MI,18.41,cents per kilowatt-hour
04,2023,MI,13.6,cents per kilowatt-hour
04,2023,MN,14.71,cents per kilowatt-hour
04,2023,MN,12.44,cents per kilowatt-hour
04,2023,MS,13.9,cents per kilowatt-hour
04,2023,MS,0.0,cents per kilowatt-hour
04,2023,MO,11.79,cents per kilowatt-hour
04,2023,MO,7.88,cents per kilowatt-hour
04,2023,MT,12.26,cents per kilowatt-hour
04,2023,MT,0.0,cents per kilowatt-hour
04,2023,NE,11.19,cents per kilowatt-hour
04,2023,NE,0.0,cents per kilowatt-hour
04,2023,NV,17.59,cents per kilowatt-hour
04,2023,NV,13.15,cents per kilowatt-hour
04,2023,NH,30.8,cents per kilowatt-hour
04,2023,NH,0.0,cents per kilowatt-hour
04,2023,NJ,17.37,cents per kilowatt-hour
04,2023,NJ,12.48,cents per kilowatt-hour
04,2023,NM,13.43,cents per kilowatt-hour
04,2023,NM,0.0,cents per kilowatt-hour
09,2023,ENC,7.19,cents per kilowatt-hour
09,2023,WNC,13.95,cents per kilowatt-hour
09,2023,WNC,13.01,cents per kilowatt-hour
09,2023,SAT,14.86,cents per kilowatt-hour
09,2023,SAT,9.94,cents per kilowatt-hour
09,2023,ESC,12.97,cents per kilowatt-hour
09,2023,ESC,0.0,cents per kilowatt-hour
09,2023,WSC,13.96,cents per kilowatt-hour
09,2023,WSC,7.68,cents per kilowatt-hour
09,2023,MTN,14.34,cents per kilowatt-hour
09,2023,MTN,13.87,cents per kilowatt-hour
09,2023,PACC,24.29,cents per kilowatt-hour
09,2023,PACC,14.61,cents per kilowatt-hour
09,2023,PACN,34.92,cents per kilowatt-hour
09,2023,PACN,0.0,cents per kilowatt-hour
01,2024,WNC,11.81,cents per kilowatt-hour
01,2024,WNC,9.16,cents per kilowatt-hour
01,2024,SAT,13.95,cents per kilowatt-hour
01,2024,SAT,10.05,cents per kilowatt-hour
01,2024,ESC,12.95,cents per kilowatt-hour
01,2024,ESC,0.0,cents per kilowatt-hour
01,2024,WSC,13.11,cents per kilowatt-hour
01,2024,WSC,8.37,cents per kilowatt-hour
01,2024,MTN,13.33,cents per kilowatt-hour
01,2024,MTN,10.72,cents per kilowatt-hour
01,2024,PACC,21.11,cents per kilowatt-hour
01,2024,PACC,16.01,cents per kilowatt-hour
01,2024,PACN,34.01,cents per kilowatt-hour
01,2024,PACN,0.0,cents per kilowatt-hour
01,2024,US,15.47,cents per kilowatt-hour
01,2024,US,12.64,cents per kilowatt-hour
09,2023,US,16.27,cents per kilowatt-hour
09,2023,US,14.45,cents per kilowatt-hour
12,2023,SC,13.26,cents per kilowatt-hour
12,2023,SC,0.0,cents per kilowatt-hour
12,2023,SD,11.8,cents per kilowatt-hour
12,2023,SD,0.0,cents per kilowatt-hour
12,2023,TN,12.11,cents per kilowatt-hour
12,2023,TN,0.0,cents per kilowatt-hour
12,2023,TX,14.64,cents per kilowatt-hour
12,2023,TX,8.97,cents per kilowatt-hour
12,2023,UT,10.87,cents per kilowatt-hour
12,2023,UT,12.08,cents per kilowatt-hour
01,2024,ME,25.92,cents per kilowatt-hour
01,2024,ME,0.0,cents per kilowatt-hour
01,2024,MD,17.5,cents per kilowatt-hour
01,2024,MD,11.19,cents per kilowatt-hour
01,2024,MA,28.39,cents per kilowatt-hour
01,2024,MA,9.83,cents per kilowatt-hour
01,2024,MI,18.34,cents per kilowatt-hour
01,2024,MI,13.78,cents per kilowatt-hour
01,2024,MN,14.04,cents per kilowatt-hour
01,2024,MN,11.31,cents per kilowatt-hour
01,2024,MS,12.72,cents per kilowatt-hour
01,2024,MS,0.0,cents per kilowatt-hour
01,2024,MO,11.06,cents per kilowatt-hour
01,2024,MO,7.7,cents per kilowatt-hour
01,2024,MT,11.98,cents per kilowatt-hour
01,2024,MT,0.0,cents per kilowatt-hour
01,2024,NE,9.85,cents per kilowatt-hour
01,2024,NE,0.0,cents per kilowatt-hour
01,2024,NV,16.38,cents per kilowatt-hour
01,2024,NV,11.88,cents per kilowatt-hour
01,2024,NH,25.11,cents per kilowatt-hour
01,2024,NH,0.0,cents per kilowatt-hour
01,2024,NJ,17.97,cents per kilowatt-hour
01,2024,NJ,11.59,cents per kilowatt-hour
01,2024,NM,13.76,cents per kilowatt-hour
01,2024,NM,0.0,cents per kilowatt-hour
01,2024,NY,23.54,cents per kilowatt-hour
01,2024,NY,14.11,cents per kilowatt-hour
01,2024,NC,13.05,cents per kilowatt-hour
01,2024,NC,8.97,cents per kilowatt-hour
01,2024,ND,9.88,cents per kilowatt-hour
01,2024,ND,0.0,cents per kilowatt-hour
01,2024,OH,15.69,cents per kilowatt-hour
01,2024,OH,6.59,cents per kilowatt-hour
01,2024,OK,10.62,cents per kilowatt-hour
01,2024,OK,0.0,cents per kilowatt-hour
01,2024,OR,13.84,cents per kilowatt-hour
01,2024,OR,12.19,cents per kilowatt-hour
09,2023,ENC,15.99,cents per kilowatt-hour
01,2023,AL,14.41,cents per kilowatt-hour
01,2023,AL,0.0,cents per kilowatt-hour
07,2023,AL,14.48,cents per kilowatt-hour
07,2023,AL,0.0,cents per kilowatt-hour
07,2023,AK,24.96,cents per kilowatt-hour
07,2023,AK,0.0,cents per kilowatt-hour
07,2023,AZ,14.13,cents per kilowatt-hour
07,2023,AZ,11.25,cents per kilowatt-hour
07,2023,AR,12.53,cents per kilowatt-hour
07,2023,AR,16.13,cents per kilowatt-hour
07,2023,CA,29.46,cents per kilowatt-hour
07,2023,CA,13.2,cents per kilowatt-hour
07,2023,CO,14.14,cents per kilowatt-hour
07,2023,CO,14.15,cents per kilowatt-hour
07,2023,CT,26.63,cents per kilowatt-hour
07,2023,CT,22.48,cents per kilowatt-hour
07,2023,DE,15.09,cents per kilowatt-hour
07,2023,DE,0.0,cents per kilowatt-hour
07,2023,DC,16.61,cents per kilowatt-hour
07,2023,DC,9.19,cents per kilowatt-hour
07,2023,FL,14.94,cents per kilowatt-hour
07,2023,FL,11.16,cents per kilowatt-hour
07,2023,GA,14.33,cents per kilowatt-hour
07,2023,GA,8.39,cents per kilowatt-hour
07,2023,HI,39.7,cents per kilowatt-hour
07,2023,HI,0.0,cents per kilowatt-hour
07,2023,ID,11.76,cents per kilowatt-hour
07,2023,ID,0.0,cents per kilowatt-hour
07,2023,IL,14.81,cents per kilowatt-hour
07,2023,IL,6.78,cents per kilowatt-hour
07,2023,IN,14.47,cents per kilowatt-hour
07,2023,IN,10.62,cents per kilowatt-hour
07,2023,IA,15.17,cents per kilowatt-hour
07,2023,IA,0.0,cents per kilowatt-hour
07,2023,KS,13.48,cents per kilowatt-hour
07,2023,KS,0.0,cents per kilowatt-hour
07,2023,KY,12.51,cents per kilowatt-hour
07,2023,KY,0.0,cents per kilowatt-hour
